设备,型号,维护记录,设备编号,参数,单位,门限,下限,上限,实测值
DVOR,VRB-52D,1,No.1,MBC组件状态,,,,,正常
DVOR,VRB-52D,1,No.2,MBC组件状态,,,,,正常
DME,LDB-102,1,No.1,控制和测试单元(CTU)-LED测试,,,,,正常
DME,LDB-102,1,No.2,控制和测试单元(CTU)-LED测试,,,,,正常
DVOR,VRB-52D,1,No.1,CTL组件状态,,,,,正常
DVOR,VRB-52D,1,No.2,CTL组件状态,,,,,正常
DME,LDB-102,1,No.1,运行参数-延迟,μs,49.8-50.2,49.8,50.2,50
DME,LDB-102,1,No.2,运行参数-延迟,μs,49.8-50.2,49.8,50.2,50
DVOR,VRB-52D,1,No.1,其它组件状态显示,,,,,正常
DVOR,VRB-52D,1,No.2,其它组件状态显示,,,,,正常
DME,LDB-102,1,No.1,运行参数-间隔,μs,11.9-12.1,11.9,12.1,12
DME,LDB-102,1,No.2,运行参数-间隔,μs,11.9-12.1,11.9,12.1,11.9
DVOR,VRB-52D,1,No.1,30Hz调制度,,28 ~ 30%,28.0,30.0,31.2
DVOR,VRB-52D,1,No.2,30Hz调制度,,28 ~ 30%,28.0,30.0,31
DME,LDB-102,1,No.1,运行参数-射频 功率(1kW设备),kW,1.1-1.3,1.1,1.3,1.03
DME,LDB-102,1,No.2,运行参数-射频 功率(1kW设备),kW,1.1-1.3,1.1,1.3,1.10
DVOR,VRB-52D,1,No.1,载波功率,,102 ~ 107W,102.0,107.0,98.4
DVOR,VRB-52D,1,No.2,载波功率,,102 ~ 107W,102.0,107.0,98.7
DME,LDB-102,1,No.1,运行参数-效率,%,70-100,70.0,100.0,94
DME,LDB-102,1,No.2,运行参数-效率,%,70-100,70.0,100.0,94
DVOR,VRB-52D,1,No.1,上边带功率,,,,,6.39
DVOR,VRB-52D,1,No.2,上边带功率,,,,,5.8
DME,LDB-102,1,No.1,运行参数-TX脉冲率,Hz,935-2800,935.0,2800.0,221
DME,LDB-102,1,No.2,运行参数-TX脉冲率,Hz,935-2800,935.0,2800.0,224
DVOR,VRB-52D,1,No.1,下边带功率,,,,,6.12
DVOR,VRB-52D,1,No.2,下边带功率,,,,,5.84
DME,LDB-102,1,No.1,运行参数-解码脉冲率,Hz,95-2800,95.0,2800.0,946
DME,LDB-102,1,No.2,运行参数-解码脉冲率,Hz,95-2800,95.0,2800.0,945
DVOR,VRB-52D,1,No.1,方位准确度,,-X° ~ +X°(0.1< X £1),,,-0.37
DVOR,VRB-52D,1,No.2,方位准确度,,-X° ~ +X°(0.1< X £1),,,0.34
DME,LDB-102,1,No.1,运行参数-脉冲宽度,μs,3.2-3.8,3.2,3.8,3.5
DME,LDB-102,1,No.2,运行参数-脉冲宽度,μs,3.2-3.8,3.2,3.8,3.6
DVOR,VRB-52D,1,No.1,交直流切换,,,,,正常
DVOR,VRB-52D,1,No.2,交直流切换,,,,,正常
DME,LDB-102,1,No.1,运行参数-脉冲上升时间,μs,1.9-2.5,1.9,2.5,2.1
DME,LDB-102,1,No.2,运行参数-脉冲上升时间,μs,1.9-2.5,1.9,2.5,2.2
DVOR,VRB-52D,1,No.1,交流电压,,,,,正常
DVOR,VRB-52D,1,No.2,交流电压,,,,,正常
DME,LDB-102,1,No.1,运行参数-脉冲下降时间,μs,1.9-2.5,1.9,2.5,2.2
DME,LDB-102,1,No.2,运行参数-脉冲下降时间,μs,1.9-2.5,1.9,2.5,2.2
DVOR,VRB-52D,1,No.1,电池电压,,+22.5 ~ +27V,22.5,27.0,26.7
DVOR,VRB-52D,1,No.2,电池电压,,+22.5 ~ +27V,22.5,27.0,26
DME,LDB-102,1,No.1,电平-接收机单元(RV)本振,V,1.0-3.0,1.0,3.0,2.0
DME,LDB-102,1,No.2,电平-接收机单元(RV)本振,V,1.0-3.0,1.0,3.0,2.04
DME,LDB-102,1,No.1,电平-接收机单元(RV) TX驱动,V,1.5-4.5,1.5,4.5,3.0
DME,LDB-102,1,No.2,电平-接收机单元(RV) TX驱动,V,1.5-4.5,1.5,4.5,3.2
DME,LDB-102,1,No.1,电平-发射机驱动器(TD)驱动,V,1.5-2.5,1.5,2.5,1.7
DME,LDB-102,1,No.2,电平-发射机驱动器(TD)驱动,V,1.5-2.5,1.5,2.5,1.67
DME,LDB-102,1,No.1,电平-发射机驱动器(TD)调制,V,1.5-3.5,1.5,3.5,1.92
DME,LDB-102,1,No.2,电平-发射机驱动器(TD)调制,V,1.5-3.5,1.5,3.5,1.94
DME,LDB-102,1,No.1,电平-功率放大(PA)输出,V,2.0-4.8(1kW),2.0,4.8,2.90
DME,LDB-102,1,No.2,电平-功率放大(PA)输出,V,2.0-4.8(1kW),2.0,4.8,2.92
DME,LDB-102,1,No.1,电平-测试询问器(TI)询问,V,2.7-3.3,2.7,3.3,3.0
DME,LDB-102,1,No.2,电平-测试询问器(TI)询问,V,2.7-3.3,2.7,3.3,3.02
DME,LDB-102,1,No.1,供应电压-辅助24V,V,25.3.0-27.5,3.0,27.5,26.4
DME,LDB-102,1,No.2,供应电压-辅助24V,V,25.3.0-27.5,3.0,27.5,26.4
DME,LDB-102,1,No.1,供应电压-功率放大(PA) HT电压,V,49.5-50.5,49.5,50.5,50.1
DME,LDB-102,1,No.2,供应电压-功率放大(PA) HT电压,V,49.5-50.5,49.5,50.5,50
DME,LDB-102,1,No.1,供应电压-15V电源电压,V,14.7-15.2.3,14.7,15.2,15.1
DME,LDB-102,1,No.2,供应电压-15V电源电压,V,14.7-15.2.3,14.7,15.2,15
DME,LDB-102,1,No.1,供应电压-18V电源电压,V,17.5-18.5,17.5,18.5,18
DME,LDB-102,1,No.2,供应电压-18V电源电压,V,17.5-18.5,17.5,18.5,18
DME,LDB-102,1,No.1,供应电压-电源高压供应电压,V,41.6-42.4,41.6,42.4,42
DME,LDB-102,1,No.2,供应电压-电源高压供应电压,V,41.6-42.4,41.6,42.4,41.9
DME,LDB-102,1,No.1,监视器-绿色LED参数,,全亮,,,正常
DME,LDB-102,1,No.2,监视器-绿色LED参数,,全亮,,,正常
DVOR,VRB-52D,2,No.1,MBC组件状态,,,,,正常
DVOR,VRB-52D,2,No.2,MBC组件状态,,,,,正常
DME,LDB-102,2,No.1,控制和测试单元(CTU)-LED测试,,,,,正常
DME,LDB-102,2,No.2,控制和测试单元(CTU)-LED测试,,,,,正常
DVOR,VRB-52D,2,No.1,CTL组件状态,,,,,正常
DVOR,VRB-52D,2,No.2,CTL组件状态,,,,,正常
DME,LDB-102,2,No.1,运行参数-延迟,μs,49.8-50.2,49.8,50.2,50.3
DME,LDB-102,2,No.2,运行参数-延迟,μs,49.8-50.2,49.8,50.2,50.4
DVOR,VRB-52D,2,No.1,其它组件状态显示,,,,,正常
DVOR,VRB-52D,2,No.2,其它组件状态显示,,,,,正常
DME,LDB-102,2,No.1,运行参数-间隔,μs,11.9-12.1,11.9,12.1,11.9
DME,LDB-102,2,No.2,运行参数-间隔,μs,11.9-12.1,11.9,12.1,11.9
DVOR,VRB-52D,2,No.1,30Hz调制度,,28 ~ 30%,28.0,30.0,30
DVOR,VRB-52D,2,No.2,30Hz调制度,,28 ~ 30%,28.0,30.0,30
DME,LDB-102,2,No.1,运行参数-射频 功率(1kW设备),kW,1.1-1.3,1.1,1.3,0.98
DME,LDB-102,2,No.2,运行参数-射频 功率(1kW设备),kW,1.1-1.3,1.1,1.3,1.05
DVOR,VRB-52D,2,No.1,载波功率,,102 ~ 107W,102.0,107.0,98
DVOR,VRB-52D,2,No.2,载波功率,,102 ~ 107W,102.0,107.0,96
DME,LDB-102,2,No.1,运行参数-效率,%,70-100,70.0,100.0,93
DME,LDB-102,2,No.2,运行参数-效率,%,70-100,70.0,100.0,96
DVOR,VRB-52D,2,No.1,上边带功率,,,,,6.37
DVOR,VRB-52D,2,No.2,上边带功率,,,,,6.34
DME,LDB-102,2,No.1,运行参数-TX脉冲率,Hz,935-2800,935.0,2800.0,944
DME,LDB-102,2,No.2,运行参数-TX脉冲率,Hz,935-2800,935.0,2800.0,943
DVOR,VRB-52D,2,No.1,下边带功率,,,,,6.34
DVOR,VRB-52D,2,No.2,下边带功率,,,,,6.37
DME,LDB-102,2,No.1,运行参数-解码脉冲率,Hz,95-2800,95.0,2800.0,164
DME,LDB-102,2,No.2,运行参数-解码脉冲率,Hz,95-2800,95.0,2800.0,108
DVOR,VRB-52D,2,No.1,方位准确度,,-X° ~ +X°(0.1< X £1),,,-0.32
DVOR,VRB-52D,2,No.2,方位准确度,,-X° ~ +X°(0.1< X £1),,,-0.33
DME,LDB-102,2,No.1,运行参数-脉冲宽度,μs,3.2-3.8,3.2,3.8,3.6
DME,LDB-102,2,No.2,运行参数-脉冲宽度,μs,3.2-3.8,3.2,3.8,3.6
DVOR,VRB-52D,2,No.1,交直流切换,,,,,正常
DVOR,VRB-52D,2,No.2,交直流切换,,,,,正常
DME,LDB-102,2,No.1,运行参数-脉冲上升时间,μs,1.9-2.5,1.9,2.5,2.2
DME,LDB-102,2,No.2,运行参数-脉冲上升时间,μs,1.9-2.5,1.9,2.5,2.3
DVOR,VRB-52D,2,No.1,交流电压,,,,,正常
DVOR,VRB-52D,2,No.2,交流电压,,,,,正常
DME,LDB-102,2,No.1,运行参数-脉冲下降时间,μs,1.9-2.5,1.9,2.5,2.3
DME,LDB-102,2,No.2,运行参数-脉冲下降时间,μs,1.9-2.5,1.9,2.5,2.4
DVOR,VRB-52D,2,No.1,电池电压,,+22.5 ~ +27V,22.5,27.0,26.7
DVOR,VRB-52D,2,No.2,电池电压,,+22.5 ~ +27V,22.5,27.0,26
DME,LDB-102,2,No.1,电平-接收机单元(RV)本振,V,1.0-3.0,1.0,3.0,1.34
DME,LDB-102,2,No.2,电平-接收机单元(RV)本振,V,1.0-3.0,1.0,3.0,1.34
DME,LDB-102,2,No.1,电平-接收机单元(RV) TX驱动,V,1.5-4.5,1.5,4.5,3.35
DME,LDB-102,2,No.2,电平-接收机单元(RV) TX驱动,V,1.5-4.5,1.5,4.5,3.35
DME,LDB-102,2,No.1,电平-发射机驱动器(TD)驱动,V,1.5-2.5,1.5,2.5,1.86
DME,LDB-102,2,No.2,电平-发射机驱动器(TD)驱动,V,1.5-2.5,1.5,2.5,1.85
DME,LDB-102,2,No.1,电平-发射机驱动器(TD)调制,V,1.5-3.5,1.5,3.5,1.90
DME,LDB-102,2,No.2,电平-发射机驱动器(TD)调制,V,1.5-3.5,1.5,3.5,1.9
DME,LDB-102,2,No.1,电平-功率放大(PA)输出,V,2.0-4.8(1kW),2.0,4.8,2.63
DME,LDB-102,2,No.2,电平-功率放大(PA)输出,V,2.0-4.8(1kW),2.0,4.8,2.5
DME,LDB-102,2,No.1,电平-测试询问器(TI)询问,V,2.7-3.3,2.7,3.3,2.98
DME,LDB-102,2,No.2,电平-测试询问器(TI)询问,V,2.7-3.3,2.7,3.3,3.0
DME,LDB-102,2,No.1,供应电压-辅助24V,V,25.3.0-27.5,3.0,27.5,26
DME,LDB-102,2,No.2,供应电压-辅助24V,V,25.3.0-27.5,3.0,27.5,26
DME,LDB-102,2,No.1,供应电压-功率放大(PA) HT电压,V,49.5-50.5,49.5,50.5,42
DME,LDB-102,2,No.2,供应电压-功率放大(PA) HT电压,V,49.5-50.5,49.5,50.5,42
DME,LDB-102,2,No.1,供应电压-15V电源电压,V,14.7-15.2.3,14.7,15.2,15
DME,LDB-102,2,No.2,供应电压-15V电源电压,V,14.7-15.2.3,14.7,15.2,15
DME,LDB-102,2,No.1,供应电压-18V电源电压,V,17.5-18.5,17.5,18.5,18
DME,LDB-102,2,No.2,供应电压-18V电源电压,V,17.5-18.5,17.5,18.5,18
DME,LDB-102,2,No.1,供应电压-电源高压供应电压,V,41.6-42.4,41.6,42.4,50
DME,LDB-102,2,No.2,供应电压-电源高压供应电压,V,41.6-42.4,41.6,42.4,50
DME,LDB-102,2,No.1,监视器-绿色LED参数,,全亮,,,正常
DME,LDB-102,2,No.2,监视器-绿色LED参数,,全亮,,,正常
DVOR,VRB-52D,3,No.1,MBC组件状态,,,,,√
DVOR,VRB-52D,3,No.2,MBC组件状态,,,,,√
DME,LDB-102,3,No.1,控制和测试单元(CTU)-LED测试,,,,,√
DME,LDB-102,3,No.2,控制和测试单元(CTU)-LED测试,,,,,√
DVOR,VRB-52D,3,No.1,CTL组件状态,,,,,√
DVOR,VRB-52D,3,No.2,CTL组件状态,,,,,√
DME,LDB-102,3,No.1,运行参数-延迟,μs,49.8-50.2,49.8,50.2,50
DME,LDB-102,3,No.2,运行参数-延迟,μs,49.8-50.2,49.8,50.2,50
DVOR,VRB-52D,3,No.1,其它组件状态显示,,,,,√
DVOR,VRB-52D,3,No.2,其它组件状态显示,,,,,√
DME,LDB-102,3,No.1,运行参数-间隔,μs,11.9-12.1,11.9,12.1,11.9
DME,LDB-102,3,No.2,运行参数-间隔,μs,11.9-12.1,11.9,12.1,11.9
DVOR,VRB-52D,3,No.1,30Hz调制度,,28 ~ 30%,28.0,30.0,28
DVOR,VRB-52D,3,No.2,30Hz调制度,,28 ~ 30%,28.0,30.0,2
DME,LDB-102,3,No.1,运行参数-射频 功率(1kW设备),kW,1.1-1.3,1.1,1.3,1.2
DME,LDB-102,3,No.2,运行参数-射频 功率(1kW设备),kW,1.1-1.3,1.1,1.3,1.2
DVOR,VRB-52D,3,No.1,载波功率,,102 ~ 107W,102.0,107.0,105
DVOR,VRB-52D,3,No.2,载波功率,,102 ~ 107W,102.0,107.0,105
DME,LDB-102,3,No.1,运行参数-效率,%,70-100,70.0,100.0,98
DME,LDB-102,3,No.2,运行参数-效率,%,70-100,70.0,100.0,99
DVOR,VRB-52D,3,No.1,上边带功率,,,,,6.1
DVOR,VRB-52D,3,No.2,上边带功率,,,,,6.1
DME,LDB-102,3,No.1,运行参数-TX脉冲率,Hz,935-2800,935.0,2800.0,945
DME,LDB-102,3,No.2,运行参数-TX脉冲率,Hz,935-2800,935.0,2800.0,945
DVOR,VRB-52D,3,No.1,下边带功率,,,,,5.8
DVOR,VRB-52D,3,No.2,下边带功率,,,,,5.9
DME,LDB-102,3,No.1,运行参数-解码脉冲率,Hz,95-2800,95.0,2800.0,200
DME,LDB-102,3,No.2,运行参数-解码脉冲率,Hz,95-2800,95.0,2800.0,200
DVOR,VRB-52D,3,No.1,方位准确度,,-X° ~ +X°(0.1< X £1),,,-0.1
DVOR,VRB-52D,3,No.2,方位准确度,,-X° ~ +X°(0.1< X £1),,,-0.8
DME,LDB-102,3,No.1,运行参数-脉冲宽度,μs,3.2-3.8,3.2,3.8,3.7
DME,LDB-102,3,No.2,运行参数-脉冲宽度,μs,3.2-3.8,3.2,3.8,3.7
DVOR,VRB-52D,3,No.1,交直流切换,,,,,√
DVOR,VRB-52D,3,No.2,交直流切换,,,,,√
DME,LDB-102,3,No.1,运行参数-脉冲上升时间,μs,1.9-2.5,1.9,2.5,2.3
DME,LDB-102,3,No.2,运行参数-脉冲上升时间,μs,1.9-2.5,1.9,2.5,2.3
DVOR,VRB-52D,3,No.1,交流电压,,,,,√
DVOR,VRB-52D,3,No.2,交流电压,,,,,√
DME,LDB-102,3,No.1,运行参数-脉冲下降时间,μs,1.9-2.5,1.9,2.5,2.4
DME,LDB-102,3,No.2,运行参数-脉冲下降时间,μs,1.9-2.5,1.9,2.5,2.4
DVOR,VRB-52D,3,No.1,电池电压,,+22.5 ~ +27V,22.5,27.0,26
DVOR,VRB-52D,3,No.2,电池电压,,+22.5 ~ +27V,22.5,27.0,26
DME,LDB-102,3,No.1,电平-接收机单元(RV)本振,V,1.0-3.0,1.0,3.0,1.3
DME,LDB-102,3,No.2,电平-接收机单元(RV)本振,V,1.0-3.0,1.0,3.0,1.3
DME,LDB-102,3,No.1,电平-接收机单元(RV) TX驱动,V,1.5-4.5,1.5,4.5,3.5
DME,LDB-102,3,No.2,电平-接收机单元(RV) TX驱动,V,1.5-4.5,1.5,4.5,3.5
DME,LDB-102,3,No.1,电平-发射机驱动器(TD)驱动,V,1.5-2.5,1.5,2.5,1.8
DME,LDB-102,3,No.2,电平-发射机驱动器(TD)驱动,V,1.5-2.5,1.5,2.5,1.8
DME,LDB-102,3,No.1,电平-发射机驱动器(TD)调制,V,1.5-3.5,1.5,3.5,1.9
DME,LDB-102,3,No.2,电平-发射机驱动器(TD)调制,V,1.5-3.5,1.5,3.5,1.9
DME,LDB-102,3,No.1,电平-功率放大(PA)输出,V,2.0-4.8(1kW),2.0,4.8,2.6
DME,LDB-102,3,No.2,电平-功率放大(PA)输出,V,2.0-4.8(1kW),2.0,4.8,2.6
DME,LDB-102,3,No.1,电平-测试询问器(TI)询问,V,2.7-3.3,2.7,3.3,2.9
DME,LDB-102,3,No.2,电平-测试询问器(TI)询问,V,2.7-3.3,2.7,3.3,2.9
DME,LDB-102,3,No.1,供应电压-辅助24V,V,25.3.0-27.5,3.0,27.5,25.8
DME,LDB-102,3,No.2,供应电压-辅助24V,V,25.3.0-27.5,3.0,27.5,25.8
DME,LDB-102,3,No.1,供应电压-功率放大(PA) HT电压,V,49.5-50.5,49.5,50.5,50.1
DME,LDB-102,3,No.2,供应电压-功率放大(PA) HT电压,V,49.5-50.5,49.5,50.5,50.1
DME,LDB-102,3,No.1,供应电压-15V电源电压,V,14.7-15.2.3,14.7,15.2,15.2
DME,LDB-102,3,No.2,供应电压-15V电源电压,V,14.7-15.2.3,14.7,15.2,15.2
DME,LDB-102,3,No.1,供应电压-18V电源电压,V,17.5-18.5,17.5,18.5,18.2
DME,LDB-102,3,No.2,供应电压-18V电源电压,V,17.5-18.5,17.5,18.5,18.2
DME,LDB-102,3,No.1,供应电压-电源高压供应电压,V,41.6-42.4,41.6,42.4,42
DME,LDB-102,3,No.2,供应电压-电源高压供应电压,V,41.6-42.4,41.6,42.4,42
DME,LDB-102,3,No.1,监视器-绿色LED参数,,全亮,,,√
DME,LDB-102,3,No.2,监视器-绿色LED参数,,全亮,,,√
DVOR,VRB-52D,4,No.1,MBC组件状态,,,,,正常
DVOR,VRB-52D,4,No.2,MBC组件状态,,,,,正常
DME,LDB-102,4,No.1,控制和测试单元(CTU)-LED测试,,,,,正常
DME,LDB-102,4,No.2,控制和测试单元(CTU)-LED测试,,,,,正常
DVOR,VRB-52D,4,No.1,CTL组件状态,,,,,正常
DVOR,VRB-52D,4,No.2,CTL组件状态,,,,,正常
DME,LDB-102,4,No.1,运行参数-延迟,μs,49.8-50.2,49.8,50.2,50.3
DME,LDB-102,4,No.2,运行参数-延迟,μs,49.8-50.2,49.8,50.2,50.0
DVOR,VRB-52D,4,No.1,其它组件状态显示,,,,,正常
DVOR,VRB-52D,4,No.2,其它组件状态显示,,,,,正常
DME,LDB-102,4,No.1,运行参数-间隔,μs,11.9-12.1,11.9,12.1,11.9
DME,LDB-102,4,No.2,运行参数-间隔,μs,11.9-12.1,11.9,12.1,11.9
DVOR,VRB-52D,4,No.1,30Hz调制度,,28 ~ 30%,28.0,30.0,30.3
DVOR,VRB-52D,4,No.2,30Hz调制度,,28 ~ 30%,28.0,30.0,31.1
DME,LDB-102,4,No.1,运行参数-射频 功率(1kW设备),kW,1.1-1.3,1.1,1.3,1.18
DME,LDB-102,4,No.2,运行参数-射频 功率(1kW设备),kW,1.1-1.3,1.1,1.3,1.19
DVOR,VRB-52D,4,No.1,载波功率,,102 ~ 107W,102.0,107.0,98.5
DVOR,VRB-52D,4,No.2,载波功率,,102 ~ 107W,102.0,107.0,98.6
DME,LDB-102,4,No.1,运行参数-效率,%,70-100,70.0,100.0,95
DME,LDB-102,4,No.2,运行参数-效率,%,70-100,70.0,100.0,93
DVOR,VRB-52D,4,No.1,上边带功率,,,,,6.04
DVOR,VRB-52D,4,No.2,上边带功率,,,,,6.05
DME,LDB-102,4,No.1,运行参数-TX脉冲率,Hz,935-2800,935.0,2800.0,945
DME,LDB-102,4,No.2,运行参数-TX脉冲率,Hz,935-2800,935.0,2800.0,944
DVOR,VRB-52D,4,No.1,下边带功率,,,,,6.14
DVOR,VRB-52D,4,No.2,下边带功率,,,,,6.13
DME,LDB-102,4,No.1,运行参数-解码脉冲率,Hz,95-2800,95.0,2800.0,102
DME,LDB-102,4,No.2,运行参数-解码脉冲率,Hz,95-2800,95.0,2800.0,101
DVOR,VRB-52D,4,No.1,方位准确度,,-X° ~ +X°(0.1< X £1),,,-0.14
DVOR,VRB-52D,4,No.2,方位准确度,,-X° ~ +X°(0.1< X £1),,,-0.15
DME,LDB-102,4,No.1,运行参数-脉冲宽度,μs,3.2-3.8,3.2,3.8,3.7
DME,LDB-102,4,No.2,运行参数-脉冲宽度,μs,3.2-3.8,3.2,3.8,3.4
DVOR,VRB-52D,4,No.1,交直流切换,,,,,正常
DVOR,VRB-52D,4,No.2,交直流切换,,,,,正常
DME,LDB-102,4,No.1,运行参数-脉冲上升时间,μs,1.9-2.5,1.9,2.5,2.3
DME,LDB-102,4,No.2,运行参数-脉冲上升时间,μs,1.9-2.5,1.9,2.5,2.1
DVOR,VRB-52D,4,No.1,交流电压,,,,,正常
DVOR,VRB-52D,4,No.2,交流电压,,,,,正常
DME,LDB-102,4,No.1,运行参数-脉冲下降时间,μs,1.9-2.5,1.9,2.5,2.5
DME,LDB-102,4,No.2,运行参数-脉冲下降时间,μs,1.9-2.5,1.9,2.5,2.1
DVOR,VRB-52D,4,No.1,电池电压,,+22.5 ~ +27V,22.5,27.0,正常
DVOR,VRB-52D,4,No.2,电池电压,,+22.5 ~ +27V,22.5,27.0,正常
DME,LDB-102,4,No.1,电平-接收机单元(RV)本振,V,1.0-3.0,1.0,3.0,1.33
DME,LDB-102,4,No.2,电平-接收机单元(RV)本振,V,1.0-3.0,1.0,3.0,2.0
DME,LDB-102,4,No.1,电平-接收机单元(RV) TX驱动,V,1.5-4.5,1.5,4.5,3.37
DME,LDB-102,4,No.2,电平-接收机单元(RV) TX驱动,V,1.5-4.5,1.5,4.5,3.14
DME,LDB-102,4,No.1,电平-发射机驱动器(TD)驱动,V,1.5-2.5,1.5,2.5,1.85
DME,LDB-102,4,No.2,电平-发射机驱动器(TD)驱动,V,1.5-2.5,1.5,2.5,1.68
DME,LDB-102,4,No.1,电平-发射机驱动器(TD)调制,V,1.5-3.5,1.5,3.5,1.95
DME,LDB-102,4,No.2,电平-发射机驱动器(TD)调制,V,1.5-3.5,1.5,3.5,1.95
DME,LDB-102,4,No.1,电平-功率放大(PA)输出,V,2.0-4.8(1kW),2.0,4.8,2.65
DME,LDB-102,4,No.2,电平-功率放大(PA)输出,V,2.0-4.8(1kW),2.0,4.8,2.93
DME,LDB-102,4,No.1,电平-测试询问器(TI)询问,V,2.7-3.3,2.7,3.3,2.98
DME,LDB-102,4,No.2,电平-测试询问器(TI)询问,V,2.7-3.3,2.7,3.3,3.0
DME,LDB-102,4,No.1,供应电压-辅助24V,V,25.3.0-27.5,3.0,27.5,26.1
DME,LDB-102,4,No.2,供应电压-辅助24V,V,25.3.0-27.5,3.0,27.5,26.5
DME,LDB-102,4,No.1,供应电压-功率放大(PA) HT电压,V,49.5-50.5,49.5,50.5,49.9
DME,LDB-102,4,No.2,供应电压-功率放大(PA) HT电压,V,49.5-50.5,49.5,50.5,41.9
DME,LDB-102,4,No.1,供应电压-15V电源电压,V,14.7-15.2.3,14.7,15.2,15.3
DME,LDB-102,4,No.2,供应电压-15V电源电压,V,14.7-15.2.3,14.7,15.2,15.0
DME,LDB-102,4,No.1,供应电压-18V电源电压,V,17.5-18.5,17.5,18.5,18.2
DME,LDB-102,4,No.2,供应电压-18V电源电压,V,17.5-18.5,17.5,18.5,18
DME,LDB-102,4,No.1,供应电压-电源高压供应电压,V,41.6-42.4,41.6,42.4,41.9
DME,LDB-102,4,No.2,供应电压-电源高压供应电压,V,41.6-42.4,41.6,42.4,42
DME,LDB-102,4,No.1,监视器-绿色LED参数,,全亮,,,正常
DME,LDB-102,4,No.2,监视器-绿色LED参数,,全亮,,,正常
DVOR,VRB-52D,5,No.1,MBC组件状态,,,,,正常
DVOR,VRB-52D,5,No.2,MBC组件状态,,,,,正常
DME,LDB-102,5,No.1,控制和测试单元(CTU)-LED测试,,,,,正常
DME,LDB-102,5,No.2,控制和测试单元(CTU)-LED测试,,,,,正常
DVOR,VRB-52D,5,No.1,CTL组件状态,,,,,正常
DVOR,VRB-52D,5,No.2,CTL组件状态,,,,,正常
DME,LDB-102,5,No.1,运行参数-延迟,μs,49.8-50.2,49.8,50.2,50.4
DME,LDB-102,5,No.2,运行参数-延迟,μs,49.8-50.2,49.8,50.2,50.4
DVOR,VRB-52D,5,No.1,其它组件状态显示,,,,,正常
DVOR,VRB-52D,5,No.2,其它组件状态显示,,,,,正常
DME,LDB-102,5,No.1,运行参数-间隔,μs,11.9-12.1,11.9,12.1,12
DME,LDB-102,5,No.2,运行参数-间隔,μs,11.9-12.1,11.9,12.1,11.9
DVOR,VRB-52D,5,No.1,30Hz调制度,,28 ~ 30%,28.0,30.0,30
DVOR,VRB-52D,5,No.2,30Hz调制度,,28 ~ 30%,28.0,30.0,30
DME,LDB-102,5,No.1,运行参数-射频 功率(1kW设备),kW,1.1-1.3,1.1,1.3,1.11
DME,LDB-102,5,No.2,运行参数-射频 功率(1kW设备),kW,1.1-1.3,1.1,1.3,1.2
DVOR,VRB-52D,5,No.1,载波功率,,102 ~ 107W,102.0,107.0,98
DVOR,VRB-52D,5,No.2,载波功率,,102 ~ 107W,102.0,107.0,98.5
DME,LDB-102,5,No.1,运行参数-效率,%,70-100,70.0,100.0,95
DME,LDB-102,5,No.2,运行参数-效率,%,70-100,70.0,100.0,94
DVOR,VRB-52D,5,No.1,上边带功率,,,,,5.96
DVOR,VRB-52D,5,No.2,上边带功率,,,,,5.98
DME,LDB-102,5,No.1,运行参数-TX脉冲率,Hz,935-2800,935.0,2800.0,945
DME,LDB-102,5,No.2,运行参数-TX脉冲率,Hz,935-2800,935.0,2800.0,945
DVOR,VRB-52D,5,No.1,下边带功率,,,,,6.01
DVOR,VRB-52D,5,No.2,下边带功率,,,,,6.08
DME,LDB-102,5,No.1,运行参数-解码脉冲率,Hz,95-2800,95.0,2800.0,109
DME,LDB-102,5,No.2,运行参数-解码脉冲率,Hz,95-2800,95.0,2800.0,97
DVOR,VRB-52D,5,No.1,方位准确度,,-X° ~ +X°(0.1< X £1),,,-0.26
DVOR,VRB-52D,5,No.2,方位准确度,,-X° ~ +X°(0.1< X £1),,,-0.34
DME,LDB-102,5,No.1,运行参数-脉冲宽度,μs,3.2-3.8,3.2,3.8,3.7
DME,LDB-102,5,No.2,运行参数-脉冲宽度,μs,3.2-3.8,3.2,3.8,3.6
DVOR,VRB-52D,5,No.1,交直流切换,,,,,正常
DVOR,VRB-52D,5,No.2,交直流切换,,,,,正常
DME,LDB-102,5,No.1,运行参数-脉冲上升时间,μs,1.9-2.5,1.9,2.5,2.2
DME,LDB-102,5,No.2,运行参数-脉冲上升时间,μs,1.9-2.5,1.9,2.5,2.2
DVOR,VRB-52D,5,No.1,交流电压,,,,,227
DVOR,VRB-52D,5,No.2,交流电压,,,,,227
DME,LDB-102,5,No.1,运行参数-脉冲下降时间,μs,1.9-2.5,1.9,2.5,2.2
DME,LDB-102,5,No.2,运行参数-脉冲下降时间,μs,1.9-2.5,1.9,2.5,2.2
DVOR,VRB-52D,5,No.1,电池电压,,+22.5 ~ +27V,22.5,27.0,27.17
DVOR,VRB-52D,5,No.2,电池电压,,+22.5 ~ +27V,22.5,27.0,26.67
DME,LDB-102,5,No.1,电平-接收机单元(RV)本振,V,1.0-3.0,1.0,3.0,1.33
DME,LDB-102,5,No.2,电平-接收机单元(RV)本振,V,1.0-3.0,1.0,3.0,1.34
DME,LDB-102,5,No.1,电平-接收机单元(RV) TX驱动,V,1.5-4.5,1.5,4.5,3.33
DME,LDB-102,5,No.2,电平-接收机单元(RV) TX驱动,V,1.5-4.5,1.5,4.5,3.42
DME,LDB-102,5,No.1,电平-发射机驱动器(TD)驱动,V,1.5-2.5,1.5,2.5,1.85
DME,LDB-102,5,No.2,电平-发射机驱动器(TD)驱动,V,1.5-2.5,1.5,2.5,1.83
DME,LDB-102,5,No.1,电平-发射机驱动器(TD)调制,V,1.5-3.5,1.5,3.5,1.94
DME,LDB-102,5,No.2,电平-发射机驱动器(TD)调制,V,1.5-3.5,1.5,3.5,1.87
DME,LDB-102,5,No.1,电平-功率放大(PA)输出,V,2.0-4.8(1kW),2.0,4.8,2.63
DME,LDB-102,5,No.2,电平-功率放大(PA)输出,V,2.0-4.8(1kW),2.0,4.8,2.62
DME,LDB-102,5,No.1,电平-测试询问器(TI)询问,V,2.7-3.3,2.7,3.3,2.98
DME,LDB-102,5,No.2,电平-测试询问器(TI)询问,V,2.7-3.3,2.7,3.3,3.06
DME,LDB-102,5,No.1,供应电压-辅助24V,V,25.3.0-27.5,3.0,27.5,26.35
DME,LDB-102,5,No.2,供应电压-辅助24V,V,25.3.0-27.5,3.0,27.5,26.35
DME,LDB-102,5,No.1,供应电压-功率放大(PA) HT电压,V,49.5-50.5,49.5,50.5,49.65
DME,LDB-102,5,No.2,供应电压-功率放大(PA) HT电压,V,49.5-50.5,49.5,50.5,50.12
DME,LDB-102,5,No.1,供应电压-15V电源电压,V,14.7-15.2.3,14.7,15.2,15.22
DME,LDB-102,5,No.2,供应电压-15V电源电压,V,14.7-15.2.3,14.7,15.2,15.12
DME,LDB-102,5,No.1,供应电压-18V电源电压,V,17.5-18.5,17.5,18.5,18.2
DME,LDB-102,5,No.2,供应电压-18V电源电压,V,17.5-18.5,17.5,18.5,18.3
DME,LDB-102,5,No.1,供应电压-电源高压供应电压,V,41.6-42.4,41.6,42.4,41.88
DME,LDB-102,5,No.2,供应电压-电源高压供应电压,V,41.6-42.4,41.6,42.4,41.88
DME,LDB-102,5,No.1,监视器-绿色LED参数,,全亮,,,正常
DME,LDB-102,5,No.2,监视器-绿色LED参数,,全亮,,,正常
DVOR,VRB-52D,6,No.1,MBC组件状态,,,,,正常
DVOR,VRB-52D,6,No.2,MBC组件状态,,,,,正常
DME,LDB-102,6,No.1,控制和测试单元(CTU)-LED测试,,,,,正常
DME,LDB-102,6,No.2,控制和测试单元(CTU)-LED测试,,,,,正常
DVOR,VRB-52D,6,No.1,CTL组件状态,,,,,正常
DVOR,VRB-52D,6,No.2,CTL组件状态,,,,,正常
DME,LDB-102,6,No.1,运行参数-延迟,μs,49.8-50.2,49.8,50.2,50.1
DME,LDB-102,6,No.2,运行参数-延迟,μs,49.8-50.2,49.8,50.2,50.1
DVOR,VRB-52D,6,No.1,其它组件状态显示,,,,,正常
DVOR,VRB-52D,6,No.2,其它组件状态显示,,,,,正常
DME,LDB-102,6,No.1,运行参数-间隔,μs,11.9-12.1,11.9,12.1,11.9
DME,LDB-102,6,No.2,运行参数-间隔,μs,11.9-12.1,11.9,12.1,11.9
DVOR,VRB-52D,6,No.1,30Hz调制度,,28 ~ 30%,28.0,30.0,30.1
DVOR,VRB-52D,6,No.2,30Hz调制度,,28 ~ 30%,28.0,30.0,30.2
DME,LDB-102,6,No.1,运行参数-射频 功率(1kW设备),kW,1.1-1.3,1.1,1.3,1.08
DME,LDB-102,6,No.2,运行参数-射频 功率(1kW设备),kW,1.1-1.3,1.1,1.3,1.09
DVOR,VRB-52D,6,No.1,载波功率,,102 ~ 107W,102.0,107.0,98.2
DVOR,VRB-52D,6,No.2,载波功率,,102 ~ 107W,102.0,107.0,98.6
DME,LDB-102,6,No.1,运行参数-效率,%,70-100,70.0,100.0,96
DME,LDB-102,6,No.2,运行参数-效率,%,70-100,70.0,100.0,96
DVOR,VRB-52D,6,No.1,上边带功率,,,,,6.1
DVOR,VRB-52D,6,No.2,上边带功率,,,,,5.9
DME,LDB-102,6,No.1,运行参数-TX脉冲率,Hz,935-2800,935.0,2800.0,945
DME,LDB-102,6,No.2,运行参数-TX脉冲率,Hz,935-2800,935.0,2800.0,946
DVOR,VRB-52D,6,No.1,下边带功率,,,,,6.0
DVOR,VRB-52D,6,No.2,下边带功率,,,,,6.1
DME,LDB-102,6,No.1,运行参数-解码脉冲率,Hz,95-2800,95.0,2800.0,245
DME,LDB-102,6,No.2,运行参数-解码脉冲率,Hz,95-2800,95.0,2800.0,244
DVOR,VRB-52D,6,No.1,方位准确度,,-X° ~ +X°(0.1< X £1),,,-0.14
DVOR,VRB-52D,6,No.2,方位准确度,,-X° ~ +X°(0.1< X £1),,,-0.21
DME,LDB-102,6,No.1,运行参数-脉冲宽度,μs,3.2-3.8,3.2,3.8,3.5
DME,LDB-102,6,No.2,运行参数-脉冲宽度,μs,3.2-3.8,3.2,3.8,3.5
DVOR,VRB-52D,6,No.1,交直流切换,,,,,正常
DVOR,VRB-52D,6,No.2,交直流切换,,,,,正常
DME,LDB-102,6,No.1,运行参数-脉冲上升时间,μs,1.9-2.5,1.9,2.5,2.4
DME,LDB-102,6,No.2,运行参数-脉冲上升时间,μs,1.9-2.5,1.9,2.5,2.4
DVOR,VRB-52D,6,No.1,交流电压,,,,,正常
DVOR,VRB-52D,6,No.2,交流电压,,,,,正常
DME,LDB-102,6,No.1,运行参数-脉冲下降时间,μs,1.9-2.5,1.9,2.5,2.3
DME,LDB-102,6,No.2,运行参数-脉冲下降时间,μs,1.9-2.5,1.9,2.5,2.4
DVOR,VRB-52D,6,No.1,电池电压,,+22.5 ~ +27V,22.5,27.0,26
DVOR,VRB-52D,6,No.2,电池电压,,+22.5 ~ +27V,22.5,27.0,26
DME,LDB-102,6,No.1,电平-接收机单元(RV)本振,V,1.0-3.0,1.0,3.0,1.31
DME,LDB-102,6,No.2,电平-接收机单元(RV)本振,V,1.0-3.0,1.0,3.0,2.01
DME,LDB-102,6,No.1,电平-接收机单元(RV) TX驱动,V,1.5-4.5,1.5,4.5,3.35
DME,LDB-102,6,No.2,电平-接收机单元(RV) TX驱动,V,1.5-4.5,1.5,4.5,3.12
DME,LDB-102,6,No.1,电平-发射机驱动器(TD)驱动,V,1.5-2.5,1.5,2.5,1.85
DME,LDB-102,6,No.2,电平-发射机驱动器(TD)驱动,V,1.5-2.5,1.5,2.5,1.86
DME,LDB-102,6,No.1,电平-发射机驱动器(TD)调制,V,1.5-3.5,1.5,3.5,1.99
DME,LDB-102,6,No.2,电平-发射机驱动器(TD)调制,V,1.5-3.5,1.5,3.5,1.95
DME,LDB-102,6,No.1,电平-功率放大(PA)输出,V,2.0-4.8(1kW),2.0,4.8,2.67
DME,LDB-102,6,No.2,电平-功率放大(PA)输出,V,2.0-4.8(1kW),2.0,4.8,2.67
DME,LDB-102,6,No.1,电平-测试询问器(TI)询问,V,2.7-3.3,2.7,3.3,3.01
DME,LDB-102,6,No.2,电平-测试询问器(TI)询问,V,2.7-3.3,2.7,3.3,3.02
DME,LDB-102,6,No.1,供应电压-辅助24V,V,25.3.0-27.5,3.0,27.5,26.1
DME,LDB-102,6,No.2,供应电压-辅助24V,V,25.3.0-27.5,3.0,27.5,26.1
DME,LDB-102,6,No.1,供应电压-功率放大(PA) HT电压,V,49.5-50.5,49.5,50.5,49.8
DME,LDB-102,6,No.2,供应电压-功率放大(PA) HT电压,V,49.5-50.5,49.5,50.5,49.9
DME,LDB-102,6,No.1,供应电压-15V电源电压,V,14.7-15.2.3,14.7,15.2,15.2
DME,LDB-102,6,No.2,供应电压-15V电源电压,V,14.7-15.2.3,14.7,15.2,15.1
DME,LDB-102,6,No.1,供应电压-18V电源电压,V,17.5-18.5,17.5,18.5,18.1
DME,LDB-102,6,No.2,供应电压-18V电源电压,V,17.5-18.5,17.5,18.5,18.2
DME,LDB-102,6,No.1,供应电压-电源高压供应电压,V,41.6-42.4,41.6,42.4,41.9
DME,LDB-102,6,No.2,供应电压-电源高压供应电压,V,41.6-42.4,41.6,42.4,41.9
DME,LDB-102,6,No.1,监视器-绿色LED参数,,全亮,,,正常
DME,LDB-102,6,No.2,监视器-绿色LED参数,,全亮,,,正常
DVOR,VRB-52D,7,No.1,MBC组件状态,,,,,正常
DVOR,VRB-52D,7,No.2,MBC组件状态,,,,,正常
DME,LDB-102,7,No.1,控制和测试单元(CTU)-LED测试,,,,,正常
DME,LDB-102,7,No.2,控制和测试单元(CTU)-LED测试,,,,,正常
DVOR,VRB-52D,7,No.1,CTL组件状态,,,,,正常
DVOR,VRB-52D,7,No.2,CTL组件状态,,,,,正常
DME,LDB-102,7,No.1,运行参数-延迟,μs,49.8-50.2,49.8,50.2,50.3
DME,LDB-102,7,No.2,运行参数-延迟,μs,49.8-50.2,49.8,50.2,50
DVOR,VRB-52D,7,No.1,其它组件状态显示,,,,,正常
DVOR,VRB-52D,7,No.2,其它组件状态显示,,,,,正常
DME,LDB-102,7,No.1,运行参数-间隔,μs,11.9-12.1,11.9,12.1,11.9
DME,LDB-102,7,No.2,运行参数-间隔,μs,11.9-12.1,11.9,12.1,11.9
DVOR,VRB-52D,7,No.1,30Hz调制度,,28 ~ 30%,28.0,30.0,30.3
DVOR,VRB-52D,7,No.2,30Hz调制度,,28 ~ 30%,28.0,30.0,31.4
DME,LDB-102,7,No.1,运行参数-射频 功率(1kW设备),kW,1.1-1.3,1.1,1.3,1.18
DME,LDB-102,7,No.2,运行参数-射频 功率(1kW设备),kW,1.1-1.3,1.1,1.3,1.10
DVOR,VRB-52D,7,No.1,载波功率,,102 ~ 107W,102.0,107.0,98.2
DVOR,VRB-52D,7,No.2,载波功率,,102 ~ 107W,102.0,107.0,98.4
DME,LDB-102,7,No.1,运行参数-效率,%,70-100,70.0,100.0,95
DME,LDB-102,7,No.2,运行参数-效率,%,70-100,70.0,100.0,93
DVOR,VRB-52D,7,No.1,上边带功率,,,,,5.84
DVOR,VRB-52D,7,No.2,上边带功率,,,,,5.82
DME,LDB-102,7,No.1,运行参数-TX脉冲率,Hz,935-2800,935.0,2800.0,945
DME,LDB-102,7,No.2,运行参数-TX脉冲率,Hz,935-2800,935.0,2800.0,944
DVOR,VRB-52D,7,No.1,下边带功率,,,,,5.81
DVOR,VRB-52D,7,No.2,下边带功率,,,,,5.84
DME,LDB-102,7,No.1,运行参数-解码脉冲率,Hz,95-2800,95.0,2800.0,102
DME,LDB-102,7,No.2,运行参数-解码脉冲率,Hz,95-2800,95.0,2800.0,101
DVOR,VRB-52D,7,No.1,方位准确度,,-X° ~ +X°(0.1< X £1),,,-0.14
DVOR,VRB-52D,7,No.2,方位准确度,,-X° ~ +X°(0.1< X £1),,,-0.28
DME,LDB-102,7,No.1,运行参数-脉冲宽度,μs,3.2-3.8,3.2,3.8,3.7
DME,LDB-102,7,No.2,运行参数-脉冲宽度,μs,3.2-3.8,3.2,3.8,3.4
DVOR,VRB-52D,7,No.1,交直流切换,,,,,正常
DVOR,VRB-52D,7,No.2,交直流切换,,,,,正常
DME,LDB-102,7,No.1,运行参数-脉冲上升时间,μs,1.9-2.5,1.9,2.5,2.3
DME,LDB-102,7,No.2,运行参数-脉冲上升时间,μs,1.9-2.5,1.9,2.5,2.1
DVOR,VRB-52D,7,No.1,交流电压,,,,,正常
DVOR,VRB-52D,7,No.2,交流电压,,,,,正常
DME,LDB-102,7,No.1,运行参数-脉冲下降时间,μs,1.9-2.5,1.9,2.5,2.5
DME,LDB-102,7,No.2,运行参数-脉冲下降时间,μs,1.9-2.5,1.9,2.5,2.1
DVOR,VRB-52D,7,No.1,电池电压,,+22.5 ~ +27V,22.5,27.0,正常
DVOR,VRB-52D,7,No.2,电池电压,,+22.5 ~ +27V,22.5,27.0,正常
DME,LDB-102,7,No.1,电平-接收机单元(RV)本振,V,1.0-3.0,1.0,3.0,1.33
DME,LDB-102,7,No.2,电平-接收机单元(RV)本振,V,1.0-3.0,1.0,3.0,2.0
DME,LDB-102,7,No.1,电平-接收机单元(RV) TX驱动,V,1.5-4.5,1.5,4.5,3.37
DME,LDB-102,7,No.2,电平-接收机单元(RV) TX驱动,V,1.5-4.5,1.5,4.5,3.14
DME,LDB-102,7,No.1,电平-发射机驱动器(TD)驱动,V,1.5-2.5,1.5,2.5,1.84
DME,LDB-102,7,No.2,电平-发射机驱动器(TD)驱动,V,1.5-2.5,1.5,2.5,1.65
DME,LDB-102,7,No.1,电平-发射机驱动器(TD)调制,V,1.5-3.5,1.5,3.5,1.94
DME,LDB-102,7,No.2,电平-发射机驱动器(TD)调制,V,1.5-3.5,1.5,3.5,1.94
DME,LDB-102,7,No.1,电平-功率放大(PA)输出,V,2.0-4.8(1kW),2.0,4.8,2.61
DME,LDB-102,7,No.2,电平-功率放大(PA)输出,V,2.0-4.8(1kW),2.0,4.8,2.92
DME,LDB-102,7,No.1,电平-测试询问器(TI)询问,V,2.7-3.3,2.7,3.3,2.98
DME,LDB-102,7,No.2,电平-测试询问器(TI)询问,V,2.7-3.3,2.7,3.3,3.0
DME,LDB-102,7,No.1,供应电压-辅助24V,V,25.3.0-27.5,3.0,27.5,26.1
DME,LDB-102,7,No.2,供应电压-辅助24V,V,25.3.0-27.5,3.0,27.5,26.4
DME,LDB-102,7,No.1,供应电压-功率放大(PA) HT电压,V,49.5-50.5,49.5,50.5,49.9
DME,LDB-102,7,No.2,供应电压-功率放大(PA) HT电压,V,49.5-50.5,49.5,50.5,41.9
DME,LDB-102,7,No.1,供应电压-15V电源电压,V,14.7-15.2.3,14.7,15.2,15.3
DME,LDB-102,7,No.2,供应电压-15V电源电压,V,14.7-15.2.3,14.7,15.2,15.1
DME,LDB-102,7,No.1,供应电压-18V电源电压,V,17.5-18.5,17.5,18.5,18.2
DME,LDB-102,7,No.2,供应电压-18V电源电压,V,17.5-18.5,17.5,18.5,18
DME,LDB-102,7,No.1,供应电压-电源高压供应电压,V,41.6-42.4,41.6,42.4,41.9
DME,LDB-102,7,No.2,供应电压-电源高压供应电压,V,41.6-42.4,41.6,42.4,41.9
DME,LDB-102,7,No.1,监视器-绿色LED参数,,全亮,,,正常
DME,LDB-102,7,No.2,监视器-绿色LED参数,,全亮,,,正常
